[
  {
    "line": 1,
    "elements": [
      {
        "line": 3,
        "name": "Free CRM Login Test Scenario",
        "description": "",
        "id": "free-crm-login-feature;free-crm-login-test-scenario",
        "type": "scenario",
        "keyword": "Scenario",
        "steps": [
          {
            "result": {
              "duration": 9263776462,
              "status": "passed"
            },
            "line": 5,
            "name": "user is on Login Page",
            "match": {
              "location": "LoginStepDefinition.user_is_on_Login_Page()"
            },
            "keyword": "Given "
          },
          {
            "result": {
              "duration": 19210376,
              "status": "passed"
            },
            "line": 6,
            "name": "Title of Login Page is Free CRM",
            "match": {
              "location": "LoginStepDefinition.title_of_Login_Page_is_Free_CRM()"
            },
            "keyword": "When "
          },
          {
            "result": {
              "duration": 229170524,
              "status": "passed"
            },
            "line": 7,
            "name": "User  enters \"naveenk\" and \"test@123\"",
            "match": {
              "arguments": [
                {
                  "val": "naveenk",
                  "offset": 14
                },
                {
                  "val": "test@123",
                  "offset": 28
                }
              ],
              "location": "LoginStepDefinition.user_enters_username_and_password(String,String)"
            },
            "keyword": "And "
          },
          {
            "result": {
              "duration": 4325972887,
              "status": "passed"
            },
            "line": 8,
            "name": "user clicks on Login button",
            "match": {
              "location": "LoginStepDefinition.user_clicks_on_Login_button()"
            },
            "keyword": "And "
          },
          {
            "result": {
              "duration": 2841664248,
              "status": "passed"
            },
            "line": 9,
            "name": "it navigates to Home Page",
            "match": {
              "location": "LoginStepDefinition.it_navigates_to_Home_Page()"
            },
            "keyword": "Then "
          }
        ]
      }
    ],
    "name": "Free CRM Login Feature",
    "description": "",
    "id": "free-crm-login-feature",
    "keyword": "Feature",
    "uri": "login.feature"
  }
]